File,Total Lines,Code Lines,Comment Lines,Blank Lines,Cyclomatic Complexity,Cognitive Complexity,Maintainability Index,Functions,Classes,Max Nesting,Halstead Volume,Halstead Difficulty,Halstead Effort,Estimated Bugs
FluxCompiler\FluxCompiler.cpp,31,28,0,3,4,9,47.36,1,0,4,857.13,17.65,15131.65,0.286
Games\Combat\Combat.cpp,487,322,83,82,16,37,13.18,6,0,4,18997.98,56.93,1081483.56,6.333
Games\Combat\Components\Combat_AnimationController.h,565,354,119,92,36,73,10.51,20,1,4,14076.44,55.56,782064.87,4.692
Games\Combat\Components\Combat_Behaviour.h,988,627,193,168,72,211,0.00,25,3,5,31568.69,75.43,2381264.97,10.523
Games\Combat\Components\Combat_Config.h,305,204,58,43,9,24,20.73,4,1,3,8958.48,45.45,407186.45,2.986
Games\Combat\Components\Combat_DamageSystem.h,404,227,122,55,29,80,17.19,17,5,5,8509.41,56.98,484830.33,2.836
Games\Combat\Components\Combat_EnemyAI.h,514,338,102,74,41,120,10.67,20,4,6,12357.83,51.35,634617.86,4.119
Games\Combat\Components\Combat_HitDetection.h,263,126,101,36,9,31,27.31,9,4,6,4626.42,33.11,153196.60,1.542
Games\Combat\Components\Combat_IKController.h,318,146,121,51,10,21,24.58,11,3,4,6857.98,41.82,286797.94,2.286
Games\Combat\Components\Combat_PlayerController.h,534,362,93,79,61,128,7.48,33,3,4,11740.09,56.24,660275.97,3.913
Games\Combat\Components\Combat_QueryHelper.h,333,199,81,53,20,61,19.93,10,2,4,7749.77,56.77,439987.02,2.583
Games\Combat\Components\Combat_UIManager.h,218,148,46,24,22,58,23.25,6,2,4,5992.76,59.73,357945.83,1.998
Games\Exploration\Components\Exploration_AsyncLoader.h,270,169,73,28,15,35,23.68,12,2,4,4684.31,44.79,209804.17,1.561
Games\Exploration\Components\Exploration_AtmosphereController.h,483,293,128,62,31,56,13.26,19,1,4,12814.26,51.25,656712.11,4.271
Games\Exploration\Components\Exploration_Behaviour.h,398,257,87,54,21,65,16.91,6,2,4,9014.19,41.39,373109.20,3.005
Games\Exploration\Components\Exploration_Config.h,286,164,82,40,9,24,22.64,4,1,3,9441.82,45.26,427309.78,3.147
Games\Exploration\Components\Exploration_PlayerController.h,323,192,92,39,25,57,20.39,13,0,4,5975.82,37.73,225476.70,1.992
Games\Exploration\Components\Exploration_TerrainExplorer.h,255,126,88,41,9,19,26.56,11,2,4,5910.46,38.19,225712.84,1.970
Games\Exploration\Components\Exploration_UIManager.h,367,261,75,31,17,51,16.67,15,0,4,11103.52,65.10,722819.56,3.701
Games\Exploration\Exploration.cpp,440,260,102,78,16,35,16.50,8,0,4,12403.31,41.62,516188.91,4.134
Games\Marble\Components\Marble_Behaviour.h,430,270,95,65,29,70,15.27,12,3,4,9311.03,53.52,498345.56,3.104
Games\Marble\Components\Marble_CameraFollow.h,96,43,40,13,3,6,41.35,2,1,3,1696.19,22.76,38597.77,0.565
Games\Marble\Components\Marble_CollectibleSystem.h,128,64,48,16,7,19,36.05,2,2,4,2351.23,30.56,71843.23,0.784
Games\Marble\Components\Marble_Config.h,178,129,21,28,7,18,27.37,4,1,3,4596.40,33.91,155866.10,1.532
Games\Marble\Components\Marble_Input.h,113,60,40,13,12,23,36.99,4,1,3,1692.96,24.67,41766.48,0.564
Games\Marble\Components\Marble_LevelGenerator.h,277,176,58,43,13,33,21.66,6,2,3,8754.80,45.50,398308.45,2.918
Games\Marble\Components\Marble_PhysicsController.h,104,44,47,13,6,15,41.61,4,1,3,1271.83,19.53,24835.06,0.424
Games\Marble\Components\Marble_UIManager.h,148,87,46,15,10,21,32.30,4,2,3,2722.21,43.90,119511.59,0.907
Games\Marble\Marble.cpp,351,230,53,68,6,12,18.58,5,0,3,14301.47,44.48,636084.23,4.767
Games\Runner\Components\Runner_AnimationDriver.h,329,131,153,45,14,21,26.70,9,3,5,4008.51,30.64,122824.99,1.336
Games\Runner\Components\Runner_Behaviour.h,504,320,102,82,27,65,13.05,10,3,4,12449.72,50.55,629381.48,4.150
Games\Runner\Components\Runner_CharacterController.h,343,229,71,43,29,74,17.86,20,3,5,6630.23,44.75,296702.94,2.210
Games\Runner\Components\Runner_CollectibleSpawner.h,500,341,87,72,44,120,9.72,11,6,6,14381.44,55.39,796652.02,4.794
Games\Runner\Components\Runner_Config.h,323,182,97,44,11,30,21.38,4,1,3,9463.63,41.65,394132.53,3.155
Games\Runner\Components\Runner_ParticleManager.h,324,162,116,46,20,46,22.10,7,3,5,7197.93,53.94,388264.65,2.399
Games\Runner\Components\Runner_TerrainManager.h,263,116,114,33,17,40,27.24,5,4,4,4291.05,35.11,150669.06,1.430
Games\Runner\Components\Runner_UIManager.h,157,103,41,13,17,42,28.71,4,2,5,3843.18,43.75,168139.17,1.281
Games\Runner\Runner.cpp,554,388,68,98,18,41,10.03,6,0,3,27440.76,76.48,2098714.23,9.147
Games\Sokoban\Components\Sokoban_Behaviour.h,639,451,107,81,35,105,7.74,14,3,5,17171.87,63.03,1082291.99,5.724
Games\Sokoban\Components\Sokoban_Config.h,152,98,30,24,6,15,31.45,4,1,3,2962.63,30.04,88990.83,0.988
Games\Sokoban\Components\Sokoban_GridLogic.h,225,136,64,25,21,36,25.93,6,1,4,3372.52,43.81,147740.16,1.124
Games\Sokoban\Components\Sokoban_Input.h,80,46,28,6,9,24,42.74,2,1,3,668.82,7.65,5117.90,0.223
Games\Sokoban\Components\Sokoban_LevelGenerator.h,226,126,68,32,23,59,24.46,3,2,5,6350.92,76.88,488227.25,2.117
Games\Sokoban\Components\Sokoban_Rendering.h,382,227,105,50,30,97,16.50,8,2,8,10216.10,57.99,592417.56,3.405
Games\Sokoban\Components\Sokoban_Solver.h,252,144,76,32,26,79,23.33,2,3,6,5330.00,65.04,346678.61,1.777
Games\Sokoban\Components\Sokoban_UIManager.h,128,70,48,10,8,21,35.49,4,1,3,2049.37,44.97,92153.30,0.683
Games\Sokoban\Sokoban.cpp,266,181,31,54,2,2,22.36,4,0,2,10367.83,36.75,381064.47,3.456
Games\Survival\Components\Survival_Behaviour.h,793,528,130,135,49,137,3.39,25,3,6,23683.40,65.19,1543908.61,7.894
Games\Survival\Components\Survival_Config.h,227,159,32,36,9,24,24.48,4,1,3,5685.69,39.01,221819.95,1.895
Games\Survival\Components\Survival_CraftingSystem.h,278,162,74,42,15,35,24.20,11,3,4,4510.70,48.67,219520.70,1.504
Games\Survival\Components\Survival_EventBus.h,241,126,92,23,4,5,29.63,6,10,2,2693.58,20.83,56103.49,0.898
Games\Survival\Components\Survival_Inventory.h,162,93,45,24,16,29,30.84,15,1,4,2734.45,43.25,118265.02,0.911
Games\Survival\Components\Survival_PlayerController.h,306,185,72,49,27,60,19.76,13,2,3,7547.78,49.10,370566.94,2.516
Games\Survival\Components\Survival_ResourceNode.h,293,181,73,39,27,77,21.12,13,2,4,5165.66,50.15,259073.29,1.722
Games\Survival\Components\Survival_TaskProcessor.h,332,175,115,42,21,54,22.55,11,3,6,4670.63,48.14,224821.45,1.557
Games\Survival\Components\Survival_UIManager.h,275,189,56,30,21,64,20.04,8,1,4,8393.71,55.68,467362.05,2.798
Games\Survival\Components\Survival_WorldQuery.h,225,136,65,24,12,33,26.17,9,2,4,4642.40,36.71,170424.89,1.547
Games\Survival\Survival.cpp,592,432,62,98,17,38,8.57,6,0,3,33169.90,82.52,2737022.79,11.057
Games\Test\Components\PlayerController_Behaviour.cpp,444,357,20,67,73,141,4.70,2,0,5,17982.27,77.23,1388843.18,5.994
Games\Test\Components\PlayerController_Behaviour.h,115,87,9,19,5,13,32.88,3,6,4,2804.63,20.54,57620.97,0.935
Games\Test\Components\SphereMovement_Behaviour.cpp,35,27,0,8,1,0,47.99,0,0,1,889.73,16.75,14903.02,0.297
Games\Test\Components\SphereMovement_Behaviour.h,109,83,6,20,3,6,34.22,8,4,4,2278.74,31.09,70838.99,0.760
Games\Test\Test.cpp,45,33,6,6,1,0,48.91,3,0,1,352.53,10.27,3619.34,0.118
Games\TilePuzzle\Components\TilePuzzle_Behaviour.h,747,554,88,105,96,276,0.00,20,2,7,23760.66,77.43,1839767.65,7.920
Games\TilePuzzle\Components\TilePuzzle_LevelGenerator.h,403,260,92,51,36,104,13.82,7,2,6,12375.34,84.45,1045072.50,4.125
Games\TilePuzzle\Components\TilePuzzle_Solver.h,341,210,83,48,43,140,15.96,5,4,6,8749.87,82.29,719989.33,2.917
Games\TilePuzzle\Components\TilePuzzle_Types.h,243,171,48,24,17,9,22.78,11,5,4,5566.11,31.46,175113.56,1.855
Games\TilePuzzle\TilePuzzle.cpp,376,249,55,72,8,16,17.17,5,0,4,16245.39,45.23,734783.35,5.415
Zenith\Android\FileAccess\Zenith_Android_FileAccess.cpp,102,80,7,15,7,20,33.50,4,0,4,2716.93,26.27,71376.96,0.906
Zenith\Android\Multithreading\Zenith_Android_Multithreading.cpp,139,113,1,25,3,4,30.00,0,1,2,3492.08,27.24,95138.39,1.164
Zenith\Android\Multithreading\Zenith_Android_Multithreading.h,34,26,0,8,1,0,50.68,0,2,1,413.64,7.50,3102.30,0.138
Zenith\Android\Vulkan\Zenith_Android_Vulkan.cpp,38,28,1,9,1,0,48.42,1,0,3,690.45,13.06,9020.33,0.230
Zenith\Android\Zenith_Android_DebugBreak.cpp,10,7,0,3,1,0,68.58,1,0,1,68.53,5.33,365.51,0.023
Zenith\Android\Zenith_Android_Main.cpp,238,173,22,43,25,40,21.69,4,0,4,5379.38,29.50,158716.07,1.793
Zenith\Android\Zenith_Android_Window.cpp,109,77,17,15,7,8,35.05,0,0,2,1838.78,21.61,39732.18,0.613
Zenith\Android\Zenith_Android_Window.h,66,42,5,19,1,0,42.22,7,2,2,1497.76,13.58,20334.02,0.499
Zenith\Android\Zenith_OS_Include.h,9,4,1,4,1,0,76.71,0,0,0,27.00,0.00,0.00,0.009
Zenith\AssetHandling\Zenith_AssetDatabase.cpp,475,346,44,85,35,75,10.89,0,0,4,13938.35,66.40,925506.77,4.646
Zenith\AssetHandling\Zenith_AssetDatabase.h,285,58,179,48,1,0,37.69,0,2,2,2435.21,15.17,36933.95,0.812
Zenith\AssetHandling\Zenith_AssetHandler.cpp,1013,785,74,154,110,261,0.00,2,0,5,30354.20,113.21,3436463.48,10.118
Zenith\AssetHandling\Zenith_AssetHandler.h,327,98,181,48,7,22,30.68,3,2,6,3647.36,18.89,68902.58,1.216
Zenith\AssetHandling\Zenith_AssetMeta.cpp,237,167,37,33,15,24,23.41,1,0,3,5309.74,53.11,281991.81,1.770
Zenith\AssetHandling\Zenith_AssetMeta.h,164,58,79,27,1,0,38.98,1,5,2,1591.76,13.67,21758.38,0.531
Zenith\AssetHandling\Zenith_AssetRef.cpp,379,283,42,54,28,60,15.35,4,0,3,8186.23,76.55,626673.99,2.729
Zenith\AssetHandling\Zenith_AssetRef.h,370,190,133,47,13,32,22.19,11,8,3,5794.26,48.43,280619.06,1.931
Zenith\AssetHandling\Zenith_AsyncAssetLoader.cpp,220,153,37,30,8,21,25.59,1,6,4,4647.18,44.48,206706.52,1.549
Zenith\AssetHandling\Zenith_AsyncAssetLoader.h,195,102,71,22,8,21,31.40,1,4,5,2428.16,26.77,65014.05,0.809
Zenith\AssetHandling\Zenith_DataAsset.cpp,6,2,2,2,1,0,93.30,0,0,0,0.00,0.00,0.00,0.000
Zenith\AssetHandling\Zenith_DataAsset.h,78,20,46,12,1,0,52.52,2,2,2,510.53,11.87,6059.73,0.170
Zenith\AssetHandling\Zenith_DataAssetManager.cpp,206,158,17,31,18,33,23.13,0,0,3,6058.56,59.04,357697.51,2.020
Zenith\AssetHandling\Zenith_DataAssetManager.h,149,59,72,18,3,7,38.20,1,2,4,1785.15,30.45,54357.88,0.595
Zenith\AssetHandling\Zenith_FileWatcher.cpp,521,379,53,89,52,133,7.88,1,0,8,13285.50,53.06,704886.39,4.429
Zenith\AssetHandling\Zenith_FileWatcher.h,171,59,82,30,1,0,38.84,2,3,2,1580.48,11.67,18438.96,0.527
Zenith\AssetHandling\Zenith_MeshAsset.cpp,517,397,50,70,31,62,9.13,2,0,3,19335.65,126.60,2447979.45,6.445
Zenith\AssetHandling\Zenith_MeshAsset.h,189,74,79,36,4,3,33.72,7,2,2,3675.78,27.07,99491.08,1.225
Zenith\AssetHandling\Zenith_ModelAsset.cpp,234,169,27,38,18,32,22.43,0,0,2,6181.68,68.47,423254.60,2.061
Zenith\AssetHandling\Zenith_ModelAsset.h,144,50,67,27,3,2,38.86,7,5,3,2402.33,23.52,56494.20,0.801
Zenith\AssetHandling\Zenith_SkeletonAsset.cpp,318,222,47,49,19,36,18.13,0,0,3,10413.14,83.16,865956.74,3.471
Zenith\AssetHandling\Zenith_SkeletonAsset.h,162,58,73,31,3,2,37.12,1,2,2,2681.14,24.08,64573.82,0.894
Zenith\Collections\Zenith_CircularQueue.h,97,53,31,13,5,12,39.01,8,1,3,1747.02,46.76,81688.05,0.582
Zenith\Collections\Zenith_MemoryPool.h,156,110,21,25,13,29,29.04,7,1,4,3348.10,83.11,278264.69,1.116
Zenith\Collections\Zenith_Vector.h,489,383,34,72,43,119,9.12,24,2,4,12769.30,145.29,1855196.92,4.256
Zenith\Core\Memory\Zenith_MemoryManagement.cpp,183,154,2,27,9,12,25.84,11,0,2,4012.88,64.96,260674.66,1.338
Zenith\Core\Memory\Zenith_MemoryManagement.h,31,25,0,6,1,0,48.17,0,1,1,1066.89,27.79,29648.34,0.356
Zenith\Core\Memory\Zenith_MemoryManagement_Disabled.h,6,6,0,0,1,0,69.51,0,0,0,81.41,3.11,253.27,0.027
Zenith\Core\Memory\Zenith_MemoryManagement_Enabled.h,6,6,0,0,1,0,67.46,0,0,0,160.00,3.64,581.82,0.053
Zenith\Core\Multithreading\Zenith_Multithreading.cpp,37,28,1,8,1,0,49.09,0,0,1,553.18,11.02,6097.03,0.184
Zenith\Core\Multithreading\Zenith_Multithreading.h,31,25,0,6,1,0,50.28,0,2,1,533.45,9.39,5009.75,0.178
Zenith\Core\Zenith.cpp,2,2,0,0,1,0,80.99,0,0,0,57.36,4.90,281.06,0.019
Zenith\Core\Zenith.h,214,139,37,38,2,1,26.71,6,2,4,5659.42,28.98,164010.02,1.886
Zenith\Core\Zenith_Core.cpp,238,169,27,42,9,17,23.51,4,0,3,6459.07,29.12,188102.93,2.153
Zenith\Core\Zenith_Core.h,32,18,9,5,1,0,54.27,4,0,2,399.41,7.75,3095.43,0.133
Zenith\Core\Zenith_GUID.cpp,133,87,28,18,8,13,31.00,0,0,2,4549.60,35.15,159901.74,1.517
Zenith\Core\Zenith_GUID.h,101,53,32,16,4,5,39.83,1,3,4,1393.31,36.00,50159.08,0.464
Zenith\Core\Zenith_String.h,15,14,0,1,4,11,58.55,1,0,3,186.91,10.31,1927.50,0.062
Zenith\Core\ZenithConfig.h,181,33,115,33,1,0,46.58,0,1,2,757.99,12.45,9434.93,0.253
Zenith\DataStream\Zenith_DataStream.cpp,2,1,0,1,1,0,99.87,0,0,0,0.00,0.00,0.00,0.000
Zenith\DataStream\Zenith_DataStream.h,400,331,19,50,34,82,12.14,12,1,4,11082.56,104.38,1156802.72,3.694
Zenith\DebugVariables\Zenith_DebugVariables.cpp,193,162,5,26,10,23,23.05,0,0,4,8202.15,37.79,309967.66,2.734
Zenith\DebugVariables\Zenith_DebugVariables.h,210,184,0,26,6,20,22.10,14,9,4,9015.22,56.57,509950.12,3.005
Zenith\Editor\Panels\Zenith_EditorPanel.h,69,31,24,14,1,0,47.75,3,3,2,626.83,8.82,5529.57,0.209
Zenith\Editor\Panels\Zenith_EditorPanel_Console.cpp,140,106,15,19,17,46,28.48,1,0,5,3781.54,32.15,121591.08,1.261
Zenith\Editor\Panels\Zenith_EditorPanel_Console.h,37,15,16,6,1,0,57.51,0,0,1,242.90,6.32,1534.10,0.081
Zenith\Editor\Panels\Zenith_EditorPanel_ContentBrowser.cpp,398,317,32,49,80,258,5.54,5,0,7,14527.63,62.82,912564.37,4.843
Zenith\Editor\Panels\Zenith_EditorPanel_ContentBrowser.h,61,23,28,10,1,0,51.30,0,1,1,493.31,8.96,4421.48,0.164
Zenith\Editor\Panels\Zenith_EditorPanel_Hierarchy.cpp,273,206,33,34,45,151,16.45,3,0,6,7221.24,41.24,297814.09,2.407
Zenith\Editor\Panels\Zenith_EditorPanel_Hierarchy.h,29,8,15,6,1,0,66.51,0,0,1,89.21,3.79,338.24,0.030
Zenith\Editor\Panels\Zenith_EditorPanel_MaterialEditor.cpp,395,313,24,58,45,145,10.39,2,0,6,14428.07,49.19,709762.69,4.809
Zenith\Editor\Panels\Zenith_EditorPanel_MaterialEditor.h,46,16,21,9,1,0,56.34,0,2,1,291.48,5.85,1705.15,0.097
Zenith\Editor\Panels\Zenith_EditorPanel_Properties.cpp,137,88,24,25,12,55,31.99,1,0,8,2655.21,24.33,64610.11,0.885
Zenith\Editor\Panels\Zenith_EditorPanel_Properties.h,28,7,15,6,1,0,68.08,0,0,1,80.71,3.50,282.49,0.027
Zenith\Editor\Panels\Zenith_EditorPanel_Toolbar.cpp,64,47,3,14,11,19,40.49,2,0,3,1197.43,20.94,25079.59,0.399
Zenith\Editor\Panels\Zenith_EditorPanel_Toolbar.h,25,7,12,6,1,0,67.92,0,0,1,84.96,3.50,297.35,0.028
Zenith\Editor\Panels\Zenith_EditorPanel_Viewport.cpp,81,50,15,16,5,12,40.16,0,0,5,1435.24,13.41,19241.17,0.478
Zenith\Editor\Panels\Zenith_EditorPanel_Viewport.h,46,25,13,8,1,0,51.41,0,2,1,367.06,6.00,2202.39,0.122
Zenith\Editor\Zenith_Editor.cpp,1274,828,241,205,113,252,0.00,7,1,5,34384.14,68.71,2362668.57,11.461
Zenith\Editor\Zenith_Editor.h,266,139,83,44,1,0,27.33,8,10,2,4814.43,14.34,69025.46,1.605
Zenith\Editor\Zenith_EditorCamera.cpp,382,254,85,43,38,92,14.24,0,0,3,10609.51,55.91,593186.66,3.537
Zenith\Editor\Zenith_EditorState.h,187,115,44,28,1,0,30.42,7,13,3,3146.55,15.54,48906.45,1.049
Zenith\Editor\Zenith_Gizmo.cpp,373,238,80,55,20,34,16.89,0,0,4,12052.03,75.05,904536.37,4.017
Zenith\Editor\Zenith_Gizmo.h,124,96,5,23,1,0,32.86,5,4,2,2477.39,18.22,45137.22,0.826
Zenith\Editor\Zenith_SelectionSystem.cpp,460,296,84,80,50,115,10.22,2,0,6,14559.67,85.03,1238073.71,4.853
Zenith\Editor\Zenith_SelectionSystem.h,59,38,5,16,1,0,43.85,2,3,2,1197.14,16.15,19338.34,0.399
Zenith\Editor\Zenith_UndoSystem.cpp,347,230,47,70,16,30,19.17,0,0,2,7573.84,44.10,334006.47,2.525
Zenith\Editor\Zenith_UndoSystem.h,179,83,63,33,1,0,34.69,2,5,2,2136.79,19.88,42482.31,0.712
Zenith\EntityComponent\Components\Zenith_CameraComponent.cpp,194,152,13,29,7,7,24.71,0,0,3,6620.93,50.19,332333.68,2.207
Zenith\EntityComponent\Components\Zenith_CameraComponent.h,197,144,24,29,16,62,24.02,15,2,5,6608.85,30.11,198993.45,2.203
Zenith\EntityComponent\Components\Zenith_ColliderComponent.cpp,461,355,47,59,42,106,8.98,0,0,7,17654.25,100.82,1779926.78,5.885
Zenith\EntityComponent\Components\Zenith_ColliderComponent.h,208,157,21,30,18,82,23.59,2,5,7,5325.79,39.44,210039.63,1.775
Zenith\EntityComponent\Components\Zenith_ModelComponent.cpp,637,469,78,90,63,133,4.03,0,0,4,14927.53,69.36,1035411.13,4.976
Zenith\EntityComponent\Components\Zenith_ModelComponent.h,288,131,101,56,3,2,27.21,9,9,3,5522.33,21.22,117178.30,1.841
Zenith\EntityComponent\Components\Zenith_ModelComponent_Editor.cpp,571,460,33,78,92,337,0.00,0,0,8,20022.14,62.50,1251383.47,6.674
Zenith\EntityComponent\Components\Zenith_ScriptComponent.cpp,168,123,21,24,19,73,26.76,1,0,6,3842.91,42.62,163796.01,1.281
Zenith\EntityComponent\Components\Zenith_ScriptComponent.h,267,154,67,46,21,45,23.35,25,6,4,5343.77,40.23,214979.40,1.781
Zenith\EntityComponent\Components\Zenith_TerrainComponent.cpp,863,427,275,161,45,108,6.12,0,0,4,22324.08,89.09,1988827.31,7.441
Zenith\EntityComponent\Components\Zenith_TerrainComponent.h,198,82,79,37,1,0,33.94,2,6,2,2840.13,14.58,41418.50,0.947
Zenith\EntityComponent\Components\Zenith_TerrainComponent_Editor.cpp,420,306,47,67,52,184,9.32,2,0,10,16117.40,57.62,928622.90,5.372
Zenith\EntityComponent\Components\Zenith_TransformComponent.cpp,543,389,77,77,61,127,6.03,0,0,4,15127.30,72.62,1098555.05,5.042
Zenith\EntityComponent\Components\Zenith_TransformComponent.h,175,105,36,34,10,24,28.47,8,1,5,5338.37,28.83,153890.59,1.779
Zenith\EntityComponent\Components\Zenith_UIComponent.cpp,318,250,17,51,28,60,16.07,0,0,5,9518.50,55.09,524362.01,3.173
Zenith\EntityComponent\Components\Zenith_UIComponent.h,117,52,38,27,3,2,39.33,2,1,2,1824.78,21.78,39745.93,0.608
Zenith\EntityComponent\Zenith_ComponentMeta.cpp,273,208,26,39,53,95,15.12,0,0,3,7625.97,54.13,412775.83,2.542
Zenith\EntityComponent\Zenith_ComponentMeta.h,341,205,70,66,11,21,20.52,23,4,3,8658.87,38.52,333523.76,2.886
Zenith\EntityComponent\Zenith_ComponentRegistry.cpp,21,3,13,5,1,0,82.46,0,0,0,10.00,0.00,0.00,0.003
Zenith\EntityComponent\Zenith_ComponentRegistry.h,252,126,83,43,8,23,27.90,6,3,4,3984.95,41.08,163697.35,1.328
Zenith\EntityComponent\Zenith_Entity.cpp,261,174,38,49,6,9,23.46,0,0,2,6856.82,70.12,480834.82,2.286
Zenith\EntityComponent\Zenith_Entity.h,204,96,66,42,5,4,31.47,4,6,4,3279.46,31.14,102117.28,1.093
Zenith\EntityComponent\Zenith_EventSystem.cpp,64,45,8,11,4,6,41.61,0,0,2,1295.04,22.08,28595.89,0.432
Zenith\EntityComponent\Zenith_EventSystem.h,298,190,51,57,8,12,22.73,4,14,3,6059.13,53.46,323944.67,2.020
Zenith\EntityComponent\Zenith_Query.h,129,78,32,19,12,36,33.29,5,1,4,2528.15,39.31,99375.71,0.843
Zenith\EntityComponent\Zenith_Scene.cpp,767,545,112,110,80,194,0.00,3,2,5,24672.79,97.94,2416363.91,8.224
Zenith\EntityComponent\Zenith_Scene.h,663,405,145,113,31,74,8.55,22,19,4,21985.11,88.23,1939653.71,7.328
Zenith\FileAccess\Zenith_FileAccess.cpp,3,2,0,1,1,0,93.30,0,0,0,0.00,0.00,0.00,0.000
Zenith\FileAccess\Zenith_FileAccess.h,32,15,9,8,1,0,56.79,0,0,1,307.67,6.20,1907.56,0.103
Zenith\Flux\AnimatedMeshes\Flux_AnimatedMeshes.cpp,268,205,8,55,21,55,18.65,0,0,5,10296.96,40.63,418399.81,3.432
Zenith\Flux\AnimatedMeshes\Flux_AnimatedMeshes.h,18,12,1,5,1,0,60.41,0,1,1,187.30,4.00,749.18,0.062
Zenith\Flux\ComputeTest\Flux_ComputeTest.cpp,194,67,90,37,3,4,35.35,0,0,2,3066.78,20.21,61981.23,1.022
Zenith\Flux\ComputeTest\Flux_ComputeTest.h,17,13,0,4,1,0,60.41,0,1,1,145.95,3.50,510.82,0.049
Zenith\Flux\DeferredShading\Flux_DeferredShading.cpp,118,89,2,27,3,4,31.18,0,0,2,4991.67,25.89,129212.89,1.664
Zenith\Flux\DeferredShading\Flux_DeferredShading.h,15,10,1,4,1,0,63.60,0,1,1,116.00,3.50,406.00,0.039
Zenith\Flux\Flux.cpp,167,128,13,26,11,22,27.11,0,0,4,4298.57,45.50,195585.16,1.433
Zenith\Flux\Flux.h,230,164,18,48,5,13,25.18,4,17,4,4890.55,26.49,129561.88,1.630
Zenith\Flux\Flux_Buffers.cpp,1,1,0,0,1,0,99.87,0,0,0,0.00,0.00,0.00,0.000
Zenith\Flux\Flux_Buffers.h,172,150,0,22,3,6,27.39,7,7,3,3408.04,48.34,164757.32,1.136
Zenith\Flux\Flux_CommandList.cpp,29,26,0,3,1,0,49.06,0,0,1,703.50,16.74,11774.30,0.234
Zenith\Flux\Flux_CommandList.h,473,397,6,70,7,20,13.61,5,20,4,12794.22,49.33,631099.32,4.265
Zenith\Flux\Flux_Enums.h,180,147,13,20,1,0,29.56,0,0,1,1943.17,3.00,5829.52,0.648
Zenith\Flux\Flux_Fwd.h,69,46,12,11,1,0,44.61,0,45,0,513.82,0.50,256.91,0.171
Zenith\Flux\Flux_Graphics.cpp,308,242,17,49,10,22,18.10,0,0,3,11950.09,38.81,463834.09,3.983
Zenith\Flux\Flux_Graphics.h,80,59,3,18,1,0,38.58,4,4,2,1720.34,13.30,22875.89,0.573
Zenith\Flux\Flux_ImGuiIntegration.h,67,23,32,12,1,0,51.13,4,1,2,521.55,9.00,4693.94,0.174
Zenith\Flux\Flux_MaterialAsset.cpp,508,357,55,96,28,57,11.54,0,0,3,13891.79,82.05,1139880.68,4.631
Zenith\Flux\Flux_MaterialAsset.h,283,97,130,56,1,0,30.55,19,3,2,5134.40,21.10,108340.32,1.711
Zenith\Flux\Flux_ModelInstance.cpp,253,180,38,35,26,67,21.24,0,0,5,5277.88,56.73,299418.00,1.759
Zenith\Flux\Flux_ModelInstance.h,173,36,110,27,1,0,44.39,3,7,2,1185.69,18.21,21596.52,0.395
Zenith\Flux\Flux_RenderTargets.cpp,93,69,9,15,6,11,35.29,0,0,3,2499.28,27.90,69729.99,0.833
Zenith\Flux\Flux_RenderTargets.h,4,3,0,1,1,0,83.84,0,0,0,6.34,0.00,0.00,0.002
Zenith\Flux\Flux_Types.h,259,218,9,32,54,30,14.88,20,10,4,6816.20,36.76,250553.02,2.272
Zenith\Flux\Fog\Flux_Fog.cpp,99,70,2,27,2,2,35.24,0,1,2,2901.29,17.69,51312.36,0.967
Zenith\Flux\Fog\Flux_Fog.h,14,9,1,4,1,0,64.77,0,1,1,109.39,3.50,382.88,0.036
Zenith\Flux\Gizmos\Flux_Gizmos.cpp,915,591,163,161,79,127,0.00,1,1,4,42222.82,112.00,4728955.85,14.074
Zenith\Flux\Gizmos\Flux_Gizmos.h,112,77,15,20,1,0,34.73,4,5,2,2662.88,13.77,36679.02,0.888
Zenith\Flux\MeshAnimation\Flux_AnimationClip.cpp,753,579,56,118,68,138,0.00,0,0,3,29379.41,134.31,3946021.77,9.793
Zenith\Flux\MeshAnimation\Flux_AnimationClip.h,238,126,64,48,4,3,26.73,14,11,2,6979.75,29.62,206748.78,2.327
Zenith\Flux\MeshAnimation\Flux_AnimationController.cpp,598,446,67,85,65,139,3.98,0,0,5,16263.81,87.76,1427352.93,5.421
Zenith\Flux\MeshAnimation\Flux_AnimationController.h,287,133,86,68,8,12,26.07,8,3,2,6138.82,28.71,176218.85,2.046
Zenith\Flux\MeshAnimation\Flux_AnimationStateMachine.cpp,805,631,57,117,112,180,0.00,0,0,4,25681.58,103.78,2665301.44,8.561
Zenith\Flux\MeshAnimation\Flux_AnimationStateMachine.h,269,157,61,51,1,0,25.09,4,10,3,6876.40,24.73,170082.71,2.292
Zenith\Flux\MeshAnimation\Flux_BlendTree.cpp,1050,820,77,153,133,300,0.00,0,0,3,33343.36,147.54,4919623.53,11.114
Zenith\Flux\MeshAnimation\Flux_BlendTree.h,364,220,65,79,1,0,20.99,22,12,2,9273.61,27.98,259467.88,3.091
Zenith\Flux\MeshAnimation\Flux_BonePose.cpp,622,471,65,86,81,160,0.04,0,0,4,24688.30,104.76,2586448.12,8.229
Zenith\Flux\MeshAnimation\Flux_BonePose.h,254,125,76,53,1,0,28.41,4,9,2,4704.99,23.38,110021.07,1.568
Zenith\Flux\MeshAnimation\Flux_InverseKinematics.cpp,799,583,89,127,73,184,0.00,3,0,8,33387.40,127.83,4267855.78,11.129
Zenith\Flux\MeshAnimation\Flux_InverseKinematics.h,245,109,86,50,1,0,29.26,0,6,2,5455.02,25.28,137914.12,1.818
Zenith\Flux\MeshAnimation\Flux_MeshAnimation.cpp,166,137,3,26,15,32,23.80,1,0,4,8651.63,41.54,359430.40,2.884
Zenith\Flux\MeshAnimation\Flux_MeshAnimation.h,171,135,4,32,10,39,25.77,9,7,4,5912.43,49.41,292133.03,1.971
Zenith\Flux\MeshAnimation\Flux_SkeletonInstance.cpp,435,301,80,54,39,69,11.88,0,0,3,13017.00,100.38,1306706.15,4.339
Zenith\Flux\MeshAnimation\Flux_SkeletonInstance.h,179,48,98,33,3,2,40.20,0,2,2,1758.00,22.24,39106.15,0.586
Zenith\Flux\MeshGeometry\Flux_MeshGeometry.cpp,650,553,27,70,57,128,0.34,4,0,4,39281.45,144.29,5667894.05,13.094
Zenith\Flux\MeshGeometry\Flux_MeshGeometry.h,157,116,8,33,13,34,27.51,8,6,3,4694.96,23.65,111056.69,1.565
Zenith\Flux\MeshGeometry\Flux_MeshInstance.cpp,619,429,89,101,36,71,6.82,1,0,4,26035.42,163.71,4262330.02,8.678
Zenith\Flux\MeshGeometry\Flux_MeshInstance.h,94,34,46,14,3,2,45.18,2,3,2,999.52,15.35,15347.43,0.333
Zenith\Flux\Particles\Flux_Particles.cpp,145,103,6,36,3,4,29.76,1,1,4,5054.80,21.41,108243.21,1.685
Zenith\Flux\Particles\Flux_Particles.h,15,10,1,4,1,0,63.30,0,1,1,128.00,3.50,448.00,0.043
Zenith\Flux\Primitives\Flux_Primitives.cpp,921,648,119,154,47,121,0.05,5,7,4,40974.40,110.47,4526609.88,13.658
Zenith\Flux\Primitives\Flux_Primitives.h,121,19,87,15,1,0,51.33,0,1,1,887.95,16.22,14404.48,0.296
Zenith\Flux\Quads\Flux_Quads.cpp,136,92,8,36,3,4,31.48,0,0,2,4074.84,22.32,90970.74,1.358
Zenith\Flux\Quads\Flux_Quads.h,42,31,1,10,1,0,47.49,0,2,3,682.43,11.32,7726.86,0.227
Zenith\Flux\SDFs\Flux_SDFs.cpp,130,97,2,31,2,2,31.11,1,2,2,4082.20,21.95,89610.33,1.361
Zenith\Flux\SDFs\Flux_SDFs.h,15,10,1,4,1,0,63.30,0,1,1,128.00,3.50,448.00,0.043
Zenith\Flux\Shadows\Flux_Shadows.cpp,251,189,4,58,14,33,20.09,2,1,4,11252.62,55.01,618999.41,3.751
Zenith\Flux\Shadows\Flux_Shadows.h,29,20,1,8,1,0,52.42,0,1,2,527.69,8.03,4237.01,0.176
Zenith\Flux\Skybox\Flux_Skybox.cpp,87,65,3,19,2,2,36.52,0,0,2,2393.33,15.90,38044.66,0.798
Zenith\Flux\Skybox\Flux_Skybox.h,14,9,1,4,1,0,64.77,0,1,1,109.39,3.50,382.88,0.036
Zenith\Flux\SSAO\Flux_SSAO.cpp,109,80,2,27,2,2,33.21,0,1,2,3723.95,20.04,74632.50,1.241
Zenith\Flux\SSAO\Flux_SSAO.h,14,9,1,4,1,0,64.77,0,1,1,109.39,3.50,382.88,0.036
Zenith\Flux\StaticMeshes\Flux_StaticMeshes.cpp,331,253,18,60,29,105,14.97,0,0,6,12571.13,48.13,605079.37,4.190
Zenith\Flux\StaticMeshes\Flux_StaticMeshes.h,18,12,1,5,1,0,60.41,0,1,1,187.30,4.00,749.18,0.062
Zenith\Flux\Terrain\Flux_Terrain.cpp,376,247,47,82,9,17,17.40,0,2,3,14796.90,44.55,659269.36,4.932
Zenith\Flux\Terrain\Flux_Terrain.h,26,15,5,6,1,0,57.16,0,1,1,272.63,4.22,1151.09,0.091
Zenith\Flux\Terrain\Flux_TerrainConfig.h,183,63,87,33,3,7,37.08,3,0,4,2105.61,22.46,47288.47,0.702
Zenith\Flux\Terrain\Flux_TerrainStreamingManager.cpp,722,529,47,146,92,226,0.00,0,1,5,28529.31,99.20,2830237.67,9.510
Zenith\Flux\Terrain\Flux_TerrainStreamingManager.h,198,115,45,38,2,1,29.40,8,10,3,4207.43,26.38,110992.61,1.402
Zenith\Flux\Text\Flux_Text.cpp,192,133,17,42,7,14,25.81,0,1,4,6981.59,28.25,197219.09,2.327
Zenith\Flux\Text\Flux_Text.h,17,11,1,5,1,0,61.83,0,1,1,154.29,3.50,540.01,0.051
Zenith\Input\Zenith_Input.cpp,166,125,11,30,25,44,25.13,0,0,4,4784.11,49.74,237946.72,1.595
Zenith\Input\Zenith_Input.h,31,24,3,4,1,0,49.13,2,1,2,883.18,11.66,10295.35,0.294
Zenith\Input\Zenith_KeyCodes.h,173,148,18,7,1,0,27.32,0,0,0,3976.84,1.61,6397.52,1.326
Zenith\Maths\Zenith_FrustumCulling.h,282,142,106,34,9,21,23.77,11,3,4,10189.85,103.34,1053021.52,3.397
Zenith\Maths\Zenith_Maths.cpp,1,1,0,0,1,0,99.87,0,0,0,0.00,0.00,0.00,0.000
Zenith\Maths\Zenith_Maths.h,138,111,5,22,3,6,28.62,15,0,3,5818.81,28.34,164891.06,1.940
Zenith\Maths\Zenith_Maths_Intersections.h,133,92,17,24,16,41,29.18,3,0,4,4889.79,54.67,267321.04,1.630
Zenith\Physics\Zenith_Physics.cpp,494,380,36,78,52,109,6.50,7,3,4,20769.54,61.49,1277171.61,6.923
Zenith\Physics\Zenith_Physics.h,100,75,6,19,1,0,34.10,0,5,2,3550.83,17.96,63761.32,1.184
Zenith\Physics\Zenith_Physics_Fwd.h,44,32,5,7,1,0,50.21,0,8,1,252.62,2.00,505.23,0.084
Zenith\Physics\Zenith_PhysicsMeshGenerator.cpp,784,578,87,119,99,202,0.00,1,2,4,37244.31,145.07,5402875.48,12.415
Zenith\Physics\Zenith_PhysicsMeshGenerator.h,172,59,88,25,1,0,38.23,0,2,1,1930.93,15.61,30135.23,0.644
Zenith\Prefab\Zenith_Prefab.cpp,308,236,23,49,24,45,17.55,0,0,3,8345.17,68.61,572576.93,2.782
Zenith\Prefab\Zenith_Prefab.h,119,48,44,27,3,2,40.01,4,2,2,1874.38,18.93,35483.92,0.625
Zenith\Profiling\Zenith_Profiling.cpp,661,507,40,114,70,157,0.16,7,1,4,30670.36,85.37,2618216.38,10.223
Zenith\Profiling\Zenith_Profiling.h,184,153,2,29,1,0,27.91,0,4,3,2950.41,17.68,52175.60,0.983
Zenith\TaskSystem\Zenith_TaskSystem.cpp,268,189,30,49,25,64,20.39,1,0,5,6269.56,55.05,345135.64,2.090
Zenith\TaskSystem\Zenith_TaskSystem.h,165,124,13,28,3,6,29.24,9,4,3,3360.12,33.11,111269.56,1.120
Zenith\UI\Zenith_UI.h,57,6,48,3,1,0,75.57,0,0,0,11.09,0.00,0.00,0.004
Zenith\UI\Zenith_UICanvas.cpp,386,297,21,68,40,131,12.23,0,0,6,11572.33,70.69,818096.58,3.857
Zenith\UI\Zenith_UICanvas.h,129,57,34,38,3,2,37.30,6,3,3,2674.70,20.10,53750.55,0.892
Zenith\UI\Zenith_UIElement.cpp,311,241,18,52,34,76,15.28,2,0,4,10617.66,58.71,623408.16,3.539
Zenith\UI\Zenith_UIElement.h,189,114,32,43,11,3,27.32,23,6,4,5762.29,25.34,146014.18,1.921
Zenith\UI\Zenith_UIImage.cpp,211,152,22,37,14,37,24.28,0,0,5,5588.71,43.41,242627.97,1.863
Zenith\UI\Zenith_UIImage.h,95,43,26,26,1,0,41.17,12,2,3,1965.35,15.02,29510.54,0.655
Zenith\UI\Zenith_UIRect.cpp,176,134,11,31,14,30,25.81,0,0,5,5006.23,56.43,282494.41,1.669
Zenith\UI\Zenith_UIRect.h,94,46,24,24,1,0,40.72,15,2,3,1849.96,12.06,22303.94,0.617
Zenith\UI\Zenith_UIText.cpp,156,107,18,31,12,19,28.98,0,0,3,3884.06,32.43,125954.53,1.295
Zenith\UI\Zenith_UIText.h,74,43,11,20,1,0,42.59,8,3,3,1232.52,13.88,17111.03,0.411
Zenith\UnitTests\Zenith_EditorTests.cpp,278,179,36,63,1,0,22.99,0,0,2,9130.71,40.32,368121.49,3.044
Zenith\UnitTests\Zenith_EditorTests.h,27,16,4,7,1,0,57.39,0,1,1,206.44,3.00,619.32,0.069
Zenith\UnitTests\Zenith_UnitTests.cpp,7835,5012,1184,1639,165,304,0.00,14,5,4,403257.41,209.83,84615410.75,134.419
Zenith\UnitTests\Zenith_UnitTests.h,191,138,26,27,1,0,28.13,0,1,1,3785.72,4.03,15254.23,1.262
Zenith\Vulkan\Zenith_PlatformGraphics_Include.h,32,24,5,3,1,0,53.15,0,9,0,235.23,0.98,229.88,0.078
Zenith\Vulkan\Zenith_Vulkan.cpp,1122,878,65,179,81,121,0.00,5,0,5,48452.92,52.46,2542011.38,16.151
Zenith\Vulkan\Zenith_Vulkan.h,180,142,4,34,1,0,26.41,5,8,2,6107.44,16.91,103259.14,2.036
Zenith\Vulkan\Zenith_Vulkan_Buffer.cpp,15,10,3,2,1,0,64.37,0,0,1,89.86,5.25,471.76,0.030
Zenith\Vulkan\Zenith_Vulkan_Buffer.h,42,34,1,7,1,0,45.66,6,1,2,933.48,14.00,13068.75,0.311
Zenith\Vulkan\Zenith_Vulkan_CommandBuffer.cpp,748,570,74,104,67,138,0.00,2,0,5,37167.04,70.73,2628873.84,12.389
Zenith\Vulkan\Zenith_Vulkan_CommandBuffer.h,125,95,5,25,1,0,30.88,2,19,2,4907.99,16.77,82296.52,1.636
Zenith\Vulkan\Zenith_Vulkan_ImGuiIntegration.cpp,97,63,14,20,5,9,37.91,0,1,3,1464.00,21.82,31941.82,0.488
Zenith\Vulkan\Zenith_Vulkan_MemoryManager.cpp,1459,1144,78,237,119,271,0.00,3,0,5,74019.71,146.08,10812676.79,24.673
Zenith\Vulkan\Zenith_Vulkan_MemoryManager.h,174,126,8,40,1,0,27.37,6,16,3,6465.14,22.60,146090.70,2.155
Zenith\Vulkan\Zenith_Vulkan_Pipeline.cpp,853,689,30,134,49,84,0.00,6,1,5,40319.49,57.99,2337954.55,13.440
Zenith\Vulkan\Zenith_Vulkan_Pipeline.h,174,120,10,44,3,7,28.14,0,9,4,5348.65,16.80,89863.56,1.783
Zenith\Vulkan\Zenith_Vulkan_Platform.h,26,9,11,6,1,0,63.78,0,2,1,151.62,5.54,839.75,0.051
Zenith\Vulkan\Zenith_Vulkan_Swapchain.cpp,457,351,18,88,26,49,10.91,5,1,3,19718.08,43.32,854281.47,6.573
Zenith\Vulkan\Zenith_Vulkan_Swapchain.h,51,34,4,13,1,0,45.42,4,2,2,1009.09,13.85,13979.59,0.336
Zenith\Vulkan\Zenith_Vulkan_Texture.cpp,150,134,4,12,27,14,24.67,1,0,3,4106.88,12.45,51130.68,1.369
Zenith\Vulkan\Zenith_Vulkan_Texture.h,75,60,3,12,2,2,37.20,16,1,2,2461.04,16.20,39868.88,0.820
Zenith\Windows\FileAccess\Zenith_Windows_FileAccess.cpp,66,51,3,12,1,0,39.52,4,0,3,1988.33,28.32,56303.78,0.663
Zenith\Windows\Multithreading\Zenith_Windows_Multithreading.cpp,140,107,6,27,3,4,30.63,2,1,2,3362.40,31.32,105325.99,1.121
Zenith\Windows\Multithreading\Zenith_Windows_Multithreading.h,35,25,0,10,1,0,51.19,0,2,1,395.00,7.33,2896.67,0.132
Zenith\Windows\Vulkan\Zenith_Windows_Vulkan.cpp,31,25,0,6,1,0,49.86,1,0,2,612.00,12.75,7803.04,0.204
Zenith\Windows\Zenith_OS_Include.h,7,5,0,2,1,0,74.28,0,0,0,30.00,0.00,0.00,0.010
Zenith\Windows\Zenith_Windows_DebugBreak.cpp,10,7,0,3,1,0,68.84,1,0,1,62.91,5.60,352.28,0.021
Zenith\Windows\Zenith_Windows_Main.cpp,135,90,20,25,4,5,32.92,1,0,2,2598.31,15.72,40836.16,0.866
Zenith\Windows\Zenith_Windows_Window.cpp,78,60,2,16,4,6,38.25,3,0,2,1592.78,17.66,28129.18,0.531
Zenith\Windows\Zenith_Windows_Window.h,60,44,0,16,2,1,41.84,5,1,2,1406.74,16.92,23806.42,0.469
Zenith\Zenith_DebugBreak.h,9,2,4,3,1,0,84.96,0,0,0,15.51,1.50,23.26,0.005
Zenith\Zenith_Main.cpp,140,93,21,26,4,5,32.54,1,0,2,2663.81,15.83,42157.76,0.888
